,0,1,2,3,4,5,6,7,8,9,10,11,12
0,0.0,0.0,0.0,0.0,0.0,0.0,0.0,0.0,0.0,0.0,0.0,0.0,0.0
1,1378.667993,113.0,44.0,27.0,237.0,175.0,141.0,61.0,40.0,26.0,34.0,46.0,53.0
2,1378.779841,50.0,31.0,33.0,237.0,174.0,159.0,57.0,27.0,16.0,11.0,7.0,0.0
3,1378.90498,17.0,9.0,7.0,237.0,175.0,117.0,27.0,4.0,0.0,0.0,0.0,0.0
4,1379.029067,1.0,1.0,0.0,237.0,175.0,117.0,29.0,5.0,2.0,5.0,9.0,10.0
5,1379.154873,15.0,15.0,21.0,237.0,175.0,151.0,57.0,32.0,25.0,23.0,23.0,19.0
6,1379.279844,34.0,22.0,25.0,237.0,174.0,140.0,45.0,21.0,13.0,10.0,4.0,0.0
7,1379.404855,17.0,10.0,7.0,237.0,174.0,116.0,24.0,3.0,0.0,0.0,0.0,0.0
8,1379.529734,0.0,0.0,0.0,237.0,174.0,114.0,26.0,8.0,7.0,12.0,16.0,18.0
9,1379.654865,11.0,12.0,19.0,237.0,174.0,150.0,54.0,28.0,23.0,23.0,23.0,18.0
10,1379.779797,33.0,23.0,25.0,237.0,175.0,140.0,45.0,22.0,14.0,10.0,4.0,0.0
11,1379.904948,17.0,10.0,7.0,237.0,174.0,116.0,24.0,3.0,0.0,0.0,0.0,0.0
12,1380.029788,0.0,0.0,0.0,237.0,175.0,114.0,25.0,7.0,7.0,10.0,14.0,17.0
13,1380.154935,10.0,11.0,18.0,237.0,175.0,149.0,54.0,28.0,23.0,23.0,22.0,18.0
14,1380.279791,33.0,22.0,25.0,237.0,175.0,140.0,44.0,22.0,15.0,11.0,6.0,0.0
15,1380.404933,17.0,10.0,8.0,237.0,175.0,117.0,24.0,2.0,0.0,0.0,0.0,0.0
16,1380.530001,0.0,0.0,0.0,237.0,175.0,113.0,27.0,9.0,9.0,12.0,16.0,19.0
17,1380.654853,8.0,10.0,16.0,237.0,175.0,148.0,52.0,27.0,23.0,23.0,23.0,20.0
18,1380.779825,32.0,22.0,25.0,237.0,175.0,140.0,44.0,22.0,15.0,12.0,6.0,0.0
19,1380.904875,19.0,11.0,9.0,237.0,175.0,116.0,23.0,3.0,0.0,0.0,0.0,0.0
20,1381.030254,0.0,0.0,0.0,237.0,174.0,113.0,26.0,8.0,8.0,11.0,15.0,19.0
21,1381.154991,8.0,10.0,17.0,237.0,175.0,148.0,52.0,27.0,23.0,23.0,22.0,19.0
22,1381.279583,32.0,22.0,25.0,237.0,175.0,140.0,44.0,21.0,15.0,12.0,6.0,0.0
23,1381.40484,20.0,12.0,10.0,237.0,175.0,118.0,24.0,2.0,0.0,0.0,0.0,0.0
24,1381.529989,0.0,0.0,0.0,237.0,175.0,111.0,25.0,8.0,7.0,11.0,14.0,17.0
25,1381.655035,7.0,10.0,17.0,237.0,175.0,149.0,53.0,27.0,23.0,22.0,21.0,18.0
26,1381.781399,32.0,22.0,24.0,237.0,175.0,137.0,38.0,13.0,4.0,0.0,0.0,0.0
27,1381.904858,20.0,13.0,10.0,237.0,175.0,118.0,23.0,3.0,0.0,0.0,0.0,0.0
28,1382.029633,0.0,0.0,0.0,237.0,175.0,113.0,24.0,2.0,1.0,6.0,9.0,12.0
29,1382.15487,5.0,8.0,14.0,237.0,175.0,149.0,54.0,29.0,23.0,23.0,22.0,20.0
30,1382.279815,32.0,22.0,25.0,237.0,175.0,140.0,45.0,22.0,17.0,14.0,9.0,0.0
31,1382.404896,20.0,12.0,11.0,237.0,175.0,118.0,24.0,2.0,0.0,0.0,0.0,0.0
32,1382.546595,9.0,5.0,3.0,237.0,175.0,117.0,26.0,4.0,0.0,0.0,0.0,0.0
33,1382.654761,5.0,7.0,12.0,237.0,175.0,142.0,52.0,28.0,24.0,25.0,26.0,22.0
34,1382.779731,33.0,22.0,25.0,237.0,175.0,141.0,45.0,23.0,18.0,15.0,9.0,0.0
35,1382.905437,17.0,10.0,7.0,237.0,175.0,116.0,23.0,3.0,0.0,0.0,0.0,0.0
36,1383.029791,0.0,0.0,0.0,237.0,175.0,114.0,24.0,4.0,4.0,8.0,11.0,14.0
37,1383.154837,4.0,7.0,13.0,237.0,175.0,145.0,53.0,27.0,23.0,23.0,23.0,22.0
38,1383.28054,32.0,22.0,25.0,237.0,175.0,140.0,44.0,19.0,11.0,6.0,0.0,0.0
39,1383.405102,20.0,11.0,9.0,237.0,175.0,117.0,24.0,2.0,0.0,0.0,0.0,0.0
40,1383.529777,0.0,0.0,0.0,237.0,175.0,113.0,24.0,2.0,3.0,7.0,10.0,12.0
41,1383.654928,4.0,8.0,14.0,237.0,175.0,146.0,52.0,28.0,23.0,23.0,23.0,21.0
42,1383.780556,32.0,22.0,24.0,237.0,175.0,140.0,44.0,20.0,12.0,8.0,2.0,0.0
43,1383.904698,22.0,14.0,12.0,237.0,175.0,120.0,23.0,2.0,0.0,0.0,0.0,0.0
44,1384.029707,0.0,0.0,0.0,237.0,175.0,110.0,23.0,2.0,1.0,5.0,8.0,10.0
45,1384.154718,2.0,5.0,11.0,237.0,175.0,143.0,51.0,28.0,23.0,23.0,22.0,21.0
46,1384.279615,32.0,22.0,25.0,237.0,175.0,140.0,45.0,22.0,18.0,15.0,11.0,0.0
47,1384.404711,23.0,14.0,12.0,237.0,175.0,119.0,24.0,2.0,0.0,0.0,0.0,0.0
48,1384.529642,0.0,0.0,0.0,237.0,175.0,111.0,23.0,2.0,0.0,4.0,8.0,10.0
49,1384.654728,3.0,6.0,11.0,237.0,175.0,144.0,51.0,28.0,23.0,23.0,23.0,22.0
50,1384.779763,32.0,22.0,25.0,237.0,175.0,140.0,45.0,22.0,17.0,14.0,8.0,0.0
51,1384.904692,23.0,14.0,12.0,237.0,175.0,119.0,24.0,2.0,0.0,0.0,0.0,0.0
52,1385.029672,0.0,0.0,0.0,237.0,175.0,111.0,23.0,2.0,1.0,5.0,8.0,11.0
53,1385.154817,4.0,7.0,13.0,237.0,175.0,144.0,52.0,28.0,23.0,23.0,23.0,21.0
54,1385.281444,31.0,21.0,23.0,237.0,175.0,138.0,40.0,15.0,7.0,3.0,0.0,0.0
55,1385.404857,20.0,12.0,11.0,237.0,175.0,119.0,23.0,2.0,0.0,0.0,0.0,0.0
56,1385.530337,0.0,0.0,0.0,237.0,175.0,111.0,23.0,6.0,6.0,9.0,12.0,16.0
57,1385.654836,4.0,7.0,14.0,237.0,174.0,145.0,51.0,26.0,23.0,23.0,23.0,21.0
58,1385.779808,32.0,22.0,23.0,237.0,175.0,136.0,37.0,12.0,3.0,0.0,0.0,0.0
59,1385.904847,20.0,12.0,10.0,237.0,175.0,118.0,23.0,2.0,0.0,0.0,0.0,0.0
60,1386.029771,0.0,0.0,0.0,237.0,175.0,112.0,23.0,4.0,3.0,7.0,10.0,14.0
61,1386.154855,6.0,8.0,14.0,237.0,175.0,146.0,52.0,27.0,23.0,23.0,22.0,20.0
62,1386.279101,31.0,22.0,25.0,237.0,175.0,140.0,46.0,23.0,19.0,18.0,15.0,3.0
63,1386.404923,19.0,11.0,9.0,237.0,175.0,117.0,23.0,3.0,0.0,0.0,0.0,0.0
64,1386.529862,0.0,0.0,0.0,237.0,175.0,112.0,23.0,5.0,5.0,8.0,11.0,15.0
65,1386.654836,7.0,9.0,15.0,237.0,175.0,147.0,52.0,27.0,23.0,22.0,22.0,19.0
66,1386.779817,32.0,21.0,25.0,237.0,175.0,140.0,44.0,21.0,15.0,11.0,6.0,0.0
67,1386.904862,17.0,10.0,8.0,237.0,175.0,117.0,23.0,3.0,0.0,0.0,0.0,0.0
68,1387.029851,0.0,0.0,0.0,237.0,175.0,112.0,23.0,6.0,6.0,9.0,12.0,16.0
69,1387.154847,9.0,10.0,17.0,237.0,175.0,148.0,52.0,27.0,23.0,22.0,21.0,18.0
70,1387.279842,31.0,22.0,24.0,237.0,175.0,139.0,44.0,21.0,14.0,9.0,4.0,0.0
71,1387.404852,16.0,9.0,7.0,237.0,175.0,116.0,23.0,2.0,0.0,0.0,0.0,0.0
72,1387.529866,0.0,0.0,0.0,237.0,175.0,113.0,25.0,8.0,7.0,11.0,14.0,18.0
73,1387.654972,12.0,13.0,19.0,237.0,175.0,149.0,52.0,27.0,23.0,22.0,21.0,17.0
74,1387.779885,32.0,21.0,24.0,237.0,175.0,139.0,44.0,20.0,12.0,8.0,2.0,0.0
75,1387.904848,14.0,8.0,6.0,237.0,175.0,115.0,23.0,2.0,0.0,0.0,0.0,0.0
76,1388.029816,0.0,0.0,0.0,237.0,175.0,113.0,27.0,9.0,9.0,12.0,15.0,19.0
77,1388.155004,15.0,15.0,20.0,237.0,175.0,150.0,52.0,27.0,22.0,22.0,21.0,15.0
78,1388.279831,31.0,22.0,24.0,237.0,175.0,139.0,43.0,18.0,10.0,7.0,0.0,0.0
79,1388.406444,0.0,1.0,0.0,237.0,175.0,111.0,22.0,2.0,0.0,0.0,0.0,0.0
80,1388.529594,0.0,0.0,0.0,237.0,175.0,117.0,29.0,11.0,10.0,13.0,17.0,20.0
81,1388.654635,14.0,13.0,20.0,237.0,175.0,150.0,51.0,27.0,22.0,22.0,20.0,15.0
82,1388.779624,31.0,21.0,24.0,238.0,175.0,139.0,43.0,18.0,10.0,6.0,0.0,0.0
83,1388.904641,11.0,6.0,4.0,237.0,175.0,115.0,23.0,2.0,0.0,0.0,0.0,0.0
84,1389.029927,0.0,0.0,0.0,237.0,175.0,117.0,33.0,14.0,13.0,17.0,20.0,23.0
85,1389.154674,17.0,15.0,21.0,237.0,175.0,148.0,50.0,26.0,21.0,21.0,19.0,14.0
86,1389.279591,30.0,21.0,24.0,237.0,175.0,139.0,41.0,16.0,8.0,4.0,0.0,0.0
87,1389.404617,8.0,5.0,3.0,237.0,175.0,113.0,23.0,2.0,0.0,0.0,0.0,0.0
88,1389.529589,0.0,0.0,0.0,237.0,175.0,117.0,32.0,14.0,12.0,16.0,20.0,23.0
89,1389.654733,21.0,18.0,23.0,237.0,175.0,150.0,51.0,26.0,22.0,21.0,20.0,11.0
90,1389.778943,32.0,22.0,24.0,237.0,175.0,140.0,44.0,21.0,13.0,10.0,4.0,0.0
91,1389.904658,7.0,4.0,2.0,237.0,175.0,113.0,23.0,3.0,0.0,0.0,0.0,0.0
92,1390.029267,0.0,0.0,0.0,237.0,175.0,117.0,32.0,13.0,12.0,15.0,19.0,22.0
93,1390.154765,25.0,20.0,25.0,237.0,175.0,152.0,51.0,26.0,21.0,20.0,19.0,10.0
94,1390.279636,30.0,21.0,23.0,237.0,175.0,135.0,37.0,11.0,3.0,0.0,0.0,0.0
95,1390.404676,3.0,2.0,1.0,237.0,175.0,112.0,22.0,2.0,0.0,0.0,0.0,0.0
96,1390.529618,0.0,0.0,0.0,237.0,175.0,124.0,38.0,19.0,18.0,21.0,23.0,26.0
97,1390.654687,26.0,19.0,24.0,237.0,175.0,147.0,49.0,25.0,20.0,19.0,18.0,9.0
98,1390.779657,29.0,20.0,23.0,237.0,175.0,133.0,34.0,7.0,0.0,0.0,0.0,0.0
99,1390.904672,1.0,1.0,0.0,237.0,175.0,111.0,22.0,2.0,0.0,0.0,0.0,0.0
100,1391.029604,0.0,0.0,0.0,237.0,175.0,127.0,41.0,22.0,21.0,23.0,25.0,27.0
101,1391.154772,28.0,21.0,25.0,237.0,175.0,145.0,47.0,24.0,19.0,19.0,17.0,7.0
102,1391.27957,28.0,20.0,22.0,237.0,175.0,131.0,31.0,5.0,0.0,0.0,0.0,0.0
103,1391.404728,0.0,0.0,0.0,237.0,175.0,110.0,22.0,2.0,0.0,0.0,0.0,0.0
104,1391.52961,0.0,0.0,0.0,237.0,175.0,131.0,44.0,24.0,22.0,24.0,24.0,27.0
105,1391.654644,30.0,21.0,25.0,237.0,175.0,142.0,47.0,24.0,19.0,18.0,16.0,6.0
106,1391.77959,27.0,19.0,20.0,237.0,175.0,127.0,28.0,4.0,0.0,0.0,0.0,0.0
107,1391.904667,0.0,0.0,0.0,237.0,175.0,109.0,22.0,2.0,0.0,0.0,0.0,2.0
108,1392.029644,0.0,0.0,5.0,237.0,175.0,136.0,47.0,26.0,23.0,24.0,24.0,26.0
109,1392.154663,31.0,22.0,25.0,237.0,175.0,140.0,45.0,23.0,18.0,17.0,16.0,2.0
110,1392.279583,26.0,17.0,17.0,237.0,175.0,124.0,25.0,3.0,0.0,0.0,0.0,0.0
111,1392.404652,0.0,0.0,0.0,237.0,175.0,109.0,22.0,1.0,0.0,0.0,3.0,7.0
112,1392.529588,0.0,2.0,8.0,237.0,175.0,139.0,49.0,27.0,23.0,23.0,23.0,25.0
113,1392.654973,32.0,22.0,25.0,237.0,175.0,140.0,45.0,22.0,18.0,14.0,9.0,0.0
114,1392.779654,23.0,15.0,13.0,237.0,175.0,120.0,23.0,2.0,0.0,0.0,0.0,0.0
115,1392.904658,0.0,0.0,0.0,237.0,175.0,110.0,22.0,2.0,0.0,4.0,7.0,10.0
116,1393.029567,2.0,6.0,11.0,237.0,175.0,143.0,51.0,27.0,23.0,23.0,23.0,22.0
117,1393.154692,32.0,21.0,25.0,237.0,175.0,140.0,44.0,22.0,17.0,13.0,8.0,0.0
118,1393.279583,20.0,12.0,11.0,237.0,175.0,118.0,23.0,2.0,0.0,0.0,0.0,0.0
119,1393.404654,0.0,0.0,0.0,237.0,175.0,111.0,23.0,4.0,4.0,8.0,11.0,14.0
120,1393.529629,7.0,10.0,16.0,237.0,175.0,147.0,52.0,27.0,23.0,22.0,22.0,19.0
121,1393.654744,32.0,22.0,24.0,237.0,175.0,139.0,44.0,20.0,13.0,9.0,3.0,0.0
122,1393.779616,16.0,9.0,7.0,237.0,175.0,116.0,23.0,2.0,0.0,0.0,0.0,0.0
123,1393.904655,0.0,0.0,0.0,237.0,175.0,113.0,26.0,8.0,8.0,11.0,14.0,19.0
124,1394.029647,12.0,12.0,19.0,237.0,175.0,149.0,51.0,27.0,23.0,22.0,21.0,16.0
125,1394.154699,31.0,21.0,24.0,237.0,175.0,139.0,43.0,18.0,10.0,6.0,0.0,0.0
126,1394.27962,11.0,7.0,5.0,237.0,175.0,115.0,23.0,2.0,0.0,0.0,0.0,0.0
127,1394.404648,0.0,0.0,0.0,237.0,175.0,115.0,30.0,12.0,11.0,14.0,18.0,21.0
128,1394.5296,17.0,15.0,21.0,237.0,175.0,149.0,51.0,26.0,22.0,21.0,20.0,13.0
129,1394.654699,30.0,21.0,24.0,237.0,175.0,138.0,40.0,15.0,7.0,2.0,0.0,0.0
130,1394.780018,4.0,2.0,1.0,237.0,175.0,112.0,23.0,3.0,0.0,0.0,0.0,0.0
131,1394.904675,0.0,0.0,0.0,237.0,175.0,120.0,35.0,16.0,15.0,19.0,21.0,24.0
132,1395.028889,15.0,14.0,19.0,237.0,175.0,145.0,49.0,27.0,23.0,22.0,21.0,16.0
133,1395.153885,31.0,22.0,23.0,237.0,175.0,139.0,43.0,19.0,12.0,8.0,2.0,0.0
134,1395.278886,9.0,6.0,4.0,237.0,175.0,115.0,23.0,3.0,0.0,0.0,0.0,0.0
135,1395.403881,0.0,0.0,0.0,237.0,175.0,115.0,30.0,11.0,10.0,13.0,16.0,20.0
136,1395.528879,20.0,16.0,22.0,237.0,175.0,150.0,51.0,27.0,22.0,21.0,20.0,13.0
137,1395.653856,30.0,21.0,23.0,237.0,175.0,139.0,41.0,16.0,8.0,5.0,0.0,0.0
138,1395.779621,0.0,1.0,0.0,237.0,175.0,111.0,22.0,2.0,0.0,0.0,0.0,0.0
139,1395.904851,0.0,0.0,0.0,237.0,175.0,130.0,44.0,24.0,22.0,23.0,25.0,27.0
140,1396.029697,29.0,21.0,25.0,237.0,175.0,143.0,48.0,24.0,20.0,18.0,17.0,7.0
141,1396.154007,29.0,21.0,23.0,237.0,175.0,135.0,37.0,11.0,3.0,0.0,0.0,0.0
142,1396.280048,0.0,0.0,0.0,237.0,175.0,109.0,22.0,1.0,0.0,0.0,2.0,6.0
143,1396.404686,0.0,0.0,3.0,237.0,175.0,135.0,47.0,26.0,22.0,22.0,23.0,27.0
144,1396.529766,31.0,22.0,25.0,237.0,175.0,141.0,46.0,23.0,19.0,18.0,16.0,2.0
145,1396.654709,27.0,18.0,17.0,237.0,175.0,124.0,25.0,3.0,0.0,0.0,0.0,0.0
146,1396.779804,0.0,0.0,0.0,237.0,175.0,109.0,22.0,2.0,0.0,0.0,4.0,7.0
147,1396.904665,0.0,2.0,8.0,237.0,175.0,139.0,49.0,27.0,23.0,23.0,23.0,25.0
148,1399.466203,29.0,23.0,27.0,237.0,175.0,121.0,27.0,6.0,0.0,0.0,1.0,0.0
149,1399.529534,30.0,20.0,22.0,237.0,175.0,141.0,39.0,11.0,3.0,0.0,0.0,0.0
150,1399.655688,0.0,0.0,0.0,237.0,175.0,109.0,22.0,2.0,0.0,1.0,4.0,8.0
151,1399.779621,0.0,0.0,0.0,237.0,175.0,127.0,41.0,21.0,19.0,20.0,21.0,26.0
152,1399.904679,27.0,20.0,24.0,237.0,175.0,146.0,48.0,24.0,19.0,19.0,17.0,7.0
153,1400.02995,28.0,20.0,21.0,237.0,175.0,128.0,28.0,4.0,0.0,0.0,0.0,0.0
154,1400.154721,0.0,0.0,0.0,237.0,175.0,110.0,22.0,2.0,0.0,0.0,0.0,0.0
155,1400.279874,0.0,0.0,3.0,237.0,175.0,135.0,49.0,27.0,24.0,24.0,26.0,27.0
156,1400.404808,30.0,21.0,25.0,237.0,175.0,141.0,47.0,24.0,19.0,18.0,17.0,6.0
157,1400.529574,28.0,19.0,21.0,237.0,175.0,129.0,28.0,4.0,0.0,0.0,0.0,0.0
158,1400.654659,0.0,0.0,0.0,237.0,175.0,109.0,22.0,2.0,0.0,0.0,0.0,1.0
159,1400.77965,0.0,0.0,4.0,237.0,175.0,135.0,47.0,26.0,23.0,24.0,24.0,27.0
160,1400.904847,31.0,22.0,25.0,237.0,175.0,141.0,46.0,23.0,19.0,17.0,14.0,0.0
161,1401.02963,27.0,18.0,17.0,237.0,175.0,125.0,26.0,3.0,0.0,0.0,0.0,0.0
162,1401.154707,0.0,0.0,0.0,237.0,175.0,109.0,22.0,1.0,0.0,0.0,2.0,6.0
163,1401.279619,0.0,1.0,7.0,237.0,175.0,139.0,49.0,27.0,23.0,23.0,23.0,25.0
164,1401.404659,31.0,22.0,25.0,237.0,175.0,140.0,45.0,23.0,18.0,17.0,13.0,0.0
165,1401.532177,6.0,3.0,0.0,237.0,175.0,111.0,23.0,2.0,0.0,0.0,0.0,0.0
166,1401.654857,0.0,0.0,0.0,237.0,175.0,118.0,26.0,4.0,1.0,6.0,9.0,11.0
167,1401.780148,6.0,8.0,14.0,237.0,175.0,147.0,53.0,28.0,23.0,23.0,22.0,20.0
168,1401.904647,31.0,22.0,25.0,237.0,175.0,140.0,45.0,22.0,17.0,15.0,10.0,0.0
169,1402.029605,22.0,13.0,12.0,237.0,175.0,112.0,22.0,2.0,0.0,0.0,0.0,0.0
170,1402.155057,0.0,0.0,0.0,237.0,175.0,116.0,26.0,8.0,8.0,13.0,18.0,22.0
171,1402.278962,0.0,3.0,7.0,237.0,175.0,140.0,48.0,24.0,22.0,22.0,23.0,25.0
172,1402.403951,33.0,23.0,26.0,237.0,175.0,141.0,47.0,24.0,19.0,18.0,16.0,0.0
173,1402.529096,24.0,15.0,14.0,237.0,175.0,121.0,24.0,3.0,0.0,0.0,0.0,0.0
174,1402.654158,0.0,0.0,0.0,237.0,175.0,111.0,23.0,2.0,0.0,3.0,6.0,9.0
175,1402.779185,6.0,8.0,13.0,237.0,175.0,144.0,52.0,28.0,23.0,23.0,23.0,21.0
176,1402.904029,33.0,23.0,25.0,237.0,175.0,141.0,46.0,23.0,18.0,16.0,11.0,0.0
177,1403.028985,21.0,13.0,12.0,237.0,175.0,120.0,24.0,2.0,0.0,0.0,0.0,0.0
178,1403.155155,0.0,0.0,0.0,237.0,175.0,117.0,35.0,19.0,18.0,20.0,23.0,25.0
179,1403.279794,16.0,14.0,20.0,237.0,175.0,144.0,49.0,26.0,22.0,21.0,20.0,14.0
180,1403.404668,31.0,22.0,23.0,237.0,175.0,136.0,37.0,10.0,2.0,0.0,0.0,0.0
181,1403.530588,1.0,2.0,0.0,237.0,175.0,109.0,21.0,1.0,12.0,25.0,23.0,25.0
182,1403.656175,0.0,1.0,6.0,237.0,175.0,137.0,47.0,26.0,23.0,23.0,23.0,26.0
183,1403.779768,20.0,16.0,21.0,237.0,175.0,139.0,48.0,26.0,21.0,20.0,19.0,11.0
184,1403.909381,5.0,3.0,2.0,237.0,175.0,112.0,22.0,2.0,0.0,0.0,0.0,0.0
185,1404.029654,8.0,4.0,1.0,237.0,175.0,122.0,27.0,5.0,0.0,0.0,0.0,0.0
186,1404.155752,0.0,14.0,19.0,237.0,175.0,147.0,53.0,29.0,25.0,24.0,25.0,25.0
187,1404.280086,28.0,20.0,24.0,237.0,175.0,141.0,47.0,25.0,19.0,18.0,16.0,0.0
188,1404.405686,27.0,20.0,21.0,237.0,175.0,127.0,26.0,3.0,0.0,0.0,0.0,0.0
189,1404.529646,2.0,0.0,0.0,237.0,175.0,110.0,22.0,2.0,0.0,0.0,0.0,1.0
190,1404.654715,0.0,0.0,2.0,237.0,175.0,137.0,48.0,28.0,25.0,25.0,25.0,27.0
191,1404.780623,31.0,22.0,25.0,237.0,175.0,141.0,47.0,24.0,19.0,18.0,15.0,1.0
192,1404.907497,17.0,8.0,6.0,237.0,175.0,115.0,23.0,3.0,0.0,0.0,0.0,0.0
193,1405.029946,2.0,1.0,0.0,237.0,175.0,117.0,26.0,4.0,0.0,0.0,0.0,3.0
194,1405.154992,0.0,0.0,2.0,237.0,175.0,134.0,47.0,26.0,23.0,24.0,24.0,27.0
195,1405.279887,30.0,22.0,25.0,237.0,175.0,142.0,47.0,25.0,20.0,19.0,17.0,6.0
196,1405.40479,28.0,20.0,21.0,237.0,175.0,128.0,28.0,4.0,0.0,0.0,0.0,0.0
197,1405.529841,0.0,0.0,0.0,237.0,175.0,110.0,22.0,2.0,0.0,0.0,0.0,3.0
198,1405.654686,0.0,0.0,3.0,237.0,175.0,133.0,46.0,25.0,23.0,24.0,23.0,27.0
199,1405.779708,30.0,22.0,25.0,237.0,175.0,141.0,47.0,24.0,19.0,17.0,13.0,0.0
200,1405.904836,27.0,18.0,17.0,237.0,175.0,124.0,26.0,3.0,0.0,0.0,0.0,0.0
201,1406.02973,0.0,0.0,0.0,237.0,175.0,109.0,22.0,2.0,0.0,0.0,1.0,5.0
202,1406.154776,0.0,2.0,7.0,237.0,175.0,138.0,49.0,27.0,24.0,23.0,23.0,26.0
203,1406.279728,31.0,22.0,25.0,237.0,175.0,141.0,46.0,23.0,19.0,17.0,15.0,0.0
204,1406.405033,24.0,15.0,13.0,237.0,175.0,120.0,23.0,3.0,0.0,0.0,0.0,0.0
205,1406.529062,0.0,0.0,0.0,237.0,175.0,113.0,24.0,3.0,0.0,0.0,0.0,0.0
206,1406.654126,0.0,0.0,4.0,237.0,175.0,135.0,47.0,25.0,23.0,25.0,25.0,28.0
207,1406.779044,32.0,22.0,26.0,237.0,175.0,141.0,47.0,25.0,20.0,19.0,17.0,6.0
208,1406.904034,28.0,19.0,18.0,237.0,175.0,127.0,28.0,4.0,0.0,0.0,0.0,0.0
209,1407.029143,0.0,0.0,0.0,237.0,175.0,109.0,22.0,2.0,0.0,0.0,0.0,2.0
210,1407.154161,0.0,3.0,8.0,237.0,175.0,138.0,48.0,27.0,24.0,24.0,24.0,26.0
211,1407.279106,32.0,23.0,26.0,237.0,175.0,141.0,47.0,24.0,20.0,18.0,16.0,4.0
212,1407.404964,19.0,11.0,9.0,237.0,175.0,117.0,23.0,3.0,0.0,0.0,0.0,0.0
213,1407.529924,0.0,0.0,0.0,237.0,175.0,112.0,24.0,7.0,6.0,10.0,13.0,17.0
214,1407.654805,9.0,10.0,17.0,237.0,175.0,148.0,52.0,27.0,23.0,22.0,22.0,19.0
215,1407.780268,31.0,22.0,24.0,237.0,175.0,139.0,43.0,18.0,11.0,7.0,1.0,0.0
216,1407.904853,15.0,9.0,7.0,237.0,175.0,116.0,23.0,3.0,0.0,0.0,0.0,0.0
217,1408.029954,0.0,0.0,0.0,237.0,175.0,113.0,28.0,10.0,9.0,13.0,16.0,20.0
218,1408.154933,14.0,14.0,20.0,237.0,175.0,150.0,51.0,27.0,23.0,22.0,21.0,16.0
219,1408.279889,31.0,22.0,24.0,237.0,175.0,139.0,43.0,18.0,10.0,6.0,0.0,0.0
220,1408.404954,11.0,6.0,4.0,237.0,175.0,114.0,23.0,3.0,0.0,0.0,0.0,0.0
221,1408.530879,0.0,0.0,0.0,237.0,175.0,123.0,38.0,20.0,19.0,21.0,23.0,26.0
222,1408.655237,21.0,18.0,23.0,237.0,175.0,145.0,49.0,26.0,22.0,21.0,19.0,12.0
223,1408.780202,30.0,21.0,23.0,237.0,175.0,137.0,38.0,13.0,5.0,0.0,0.0,0.0
224,1408.904885,7.0,5.0,2.0,237.0,175.0,113.0,23.0,3.0,0.0,0.0,0.0,0.0
225,1409.029892,0.0,0.0,0.0,237.0,175.0,119.0,35.0,15.0,15.0,18.0,21.0,24.0
226,1409.155034,23.0,18.0,24.0,237.0,175.0,149.0,50.0,26.0,21.0,20.0,19.0,11.0
227,1409.279884,30.0,21.0,23.0,237.0,175.0,136.0,37.0,12.0,4.0,0.0,0.0,0.0
228,1409.404997,3.0,3.0,1.0,237.0,175.0,112.0,22.0,2.0,0.0,0.0,0.0,0.0
229,1409.530153,0.0,0.0,0.0,237.0,175.0,126.0,40.0,21.0,20.0,22.0,24.0,26.0
230,1409.654935,25.0,20.0,24.0,237.0,175.0,145.0,49.0,25.0,21.0,20.0,18.0,9.0
231,1409.779962,30.0,20.0,22.0,237.0,175.0,133.0,33.0,8.0,0.0,0.0,0.0,0.0
232,1409.904998,1.0,1.0,0.0,237.0,175.0,111.0,23.0,2.0,0.0,0.0,0.0,0.0
233,1410.030058,0.0,0.0,0.0,237.0,175.0,128.0,43.0,24.0,22.0,23.0,25.0,29.0
234,1410.154973,28.0,21.0,25.0,237.0,175.0,143.0,48.0,25.0,21.0,20.0,17.0,7.0
235,1410.279928,29.0,20.0,22.0,237.0,175.0,131.0,30.0,5.0,0.0,0.0,0.0,0.0
236,1410.404955,0.0,0.0,0.0,237.0,175.0,110.0,22.0,2.0,0.0,0.0,0.0,0.0
237,1410.529914,0.0,0.0,1.0,237.0,175.0,131.0,45.0,24.0,22.0,24.0,24.0,27.0
238,1410.655014,30.0,22.0,25.0,237.0,175.0,142.0,47.0,25.0,20.0,19.0,17.0,5.0
239,1410.779971,28.0,20.0,19.0,237.0,175.0,127.0,23.0,2.0,0.0,0.0,0.0,0.0
240,1410.904863,0.0,0.0,0.0,237.0,175.0,109.0,22.0,2.0,0.0,0.0,0.0,2.0
241,1411.029909,0.0,0.0,5.0,237.0,175.0,136.0,48.0,26.0,23.0,24.0,24.0,27.0
242,1411.154933,31.0,23.0,25.0,237.0,175.0,141.0,46.0,24.0,19.0,18.0,16.0,1.0
243,1411.280039,27.0,17.0,16.0,237.0,175.0,123.0,25.0,2.0,0.0,0.0,0.0,0.0
244,1411.404884,0.0,0.0,0.0,237.0,175.0,109.0,22.0,2.0,0.0,0.0,3.0,7.0
245,1411.529925,0.0,4.0,8.0,237.0,175.0,140.0,50.0,27.0,24.0,23.0,23.0,24.0
246,1411.655135,32.0,23.0,25.0,237.0,175.0,140.0,45.0,23.0,18.0,15.0,10.0,0.0
247,1411.780002,23.0,15.0,13.0,237.0,175.0,120.0,24.0,2.0,0.0,0.0,0.0,0.0
248,1411.904997,0.0,0.0,0.0,237.0,175.0,110.0,22.0,2.0,1.0,5.0,8.0,11.0
249,1412.02996,3.0,7.0,13.0,237.0,175.0,144.0,51.0,27.0,23.0,23.0,22.0,22.0
250,1412.155001,32.0,22.0,25.0,237.0,175.0,140.0,45.0,22.0,17.0,13.0,8.0,0.0
251,1412.279894,20.0,13.0,11.0,237.0,175.0,118.0,23.0,3.0,0.0,0.0,0.0,0.0
252,1412.404861,0.0,0.0,0.0,237.0,175.0,112.0,23.0,4.0,4.0,7.0,11.0,14.0
253,1412.530012,9.0,10.0,17.0,237.0,175.0,148.0,53.0,27.0,23.0,22.0,22.0,19.0
254,1412.654874,32.0,22.0,24.0,237.0,175.0,140.0,44.0,21.0,14.0,10.0,4.0,0.0
255,1412.786074,0.0,0.0,0.0,237.0,175.0,114.0,33.0,17.0,17.0,19.0,21.0,25.0
256,1412.904963,0.0,0.0,0.0,237.0,175.0,111.0,25.0,8.0,8.0,10.0,14.0,19.0
257,1413.029965,14.0,14.0,20.0,237.0,175.0,149.0,51.0,27.0,22.0,22.0,21.0,16.0
258,1413.15511,31.0,22.0,24.0,237.0,175.0,139.0,41.0,15.0,8.0,3.0,0.0,0.0
259,1413.280036,10.0,6.0,3.0,237.0,175.0,114.0,23.0,3.0,0.0,0.0,0.0,0.0
260,1413.40497,0.0,0.0,0.0,237.0,175.0,117.0,31.0,14.0,12.0,16.0,19.0,23.0
261,1413.529986,19.0,17.0,22.0,237.0,175.0,149.0,51.0,26.0,22.0,21.0,20.0,13.0
262,1413.654946,31.0,21.0,24.0,237.0,175.0,138.0,40.0,14.0,6.0,1.0,0.0,0.0
263,1413.779975,6.0,3.0,2.0,237.0,175.0,113.0,23.0,3.0,0.0,0.0,0.0,0.0
264,1413.904942,0.0,0.0,0.0,237.0,175.0,121.0,36.0,16.0,16.0,19.0,22.0,24.0
265,1414.029873,23.0,18.0,24.0,237.0,175.0,148.0,50.0,26.0,21.0,20.0,19.0,11.0
266,1414.154189,31.0,22.0,24.0,237.0,175.0,139.0,44.0,19.0,11.0,8.0,2.0,0.0
267,1414.279905,3.0,2.0,0.0,237.0,175.0,112.0,22.0,2.0,0.0,0.0,0.0,0.0
268,1414.404953,0.0,0.0,0.0,237.0,175.0,125.0,39.0,20.0,19.0,21.0,23.0,26.0
269,1414.52998,27.0,20.0,24.0,237.0,175.0,146.0,49.0,25.0,21.0,19.0,18.0,8.0
270,1414.654868,29.0,21.0,23.0,237.0,175.0,133.0,34.0,7.0,0.0,0.0,0.0,0.0
271,1414.779942,0.0,1.0,0.0,237.0,175.0,111.0,22.0,2.0,0.0,0.0,0.0,0.0
272,1414.912699,33.0,23.0,26.0,237.0,175.0,150.0,49.0,22.0,13.0,9.0,4.0,0.0
273,1415.029882,27.0,20.0,25.0,237.0,175.0,140.0,47.0,25.0,20.0,19.0,17.0,6.0
274,1415.154848,29.0,20.0,22.0,237.0,175.0,130.0,30.0,5.0,0.0,0.0,0.0,0.0
275,1415.279856,0.0,0.0,0.0,237.0,175.0,110.0,22.0,2.0,0.0,0.0,0.0,0.0
276,1415.404957,0.0,0.0,2.0,237.0,175.0,133.0,46.0,25.0,23.0,24.0,25.0,27.0
277,1415.530509,32.0,22.0,25.0,237.0,175.0,117.0,23.0,1.0,0.0,0.0,0.0,0.0
278,1415.654913,28.0,19.0,19.0,237.0,175.0,132.0,29.0,5.0,0.0,0.0,0.0,0.0
279,1415.779834,0.0,0.0,0.0,237.0,175.0,109.0,22.0,2.0,0.0,0.0,0.0,2.0
280,1415.904999,0.0,1.0,6.0,237.0,175.0,137.0,48.0,27.0,24.0,24.0,24.0,26.0
281,1416.029777,31.0,22.0,25.0,237.0,175.0,141.0,46.0,24.0,19.0,18.0,16.0,3.0
282,1416.154944,26.0,17.0,16.0,237.0,175.0,123.0,25.0,2.0,0.0,0.0,0.0,0.0
283,1416.280025,0.0,0.0,0.0,237.0,175.0,109.0,22.0,2.0,0.0,2.0,5.0,9.0
284,1416.404968,0.0,3.0,9.0,237.0,175.0,141.0,50.0,27.0,23.0,23.0,23.0,24.0
285,1416.529927,32.0,22.0,25.0,237.0,175.0,141.0,45.0,23.0,18.0,16.0,10.0,0.0
286,1416.655066,23.0,14.0,13.0,237.0,175.0,120.0,23.0,3.0,0.0,0.0,0.0,0.0
287,1416.779953,0.0,0.0,0.0,237.0,175.0,111.0,23.0,2.0,0.0,4.0,7.0,10.0
288,1416.90488,1.0,6.0,11.0,237.0,175.0,143.0,51.0,28.0,23.0,23.0,23.0,23.0
289,1417.029879,32.0,22.0,25.0,237.0,175.0,140.0,45.0,22.0,18.0,16.0,10.0,0.0
290,1417.154978,21.0,13.0,12.0,237.0,175.0,119.0,24.0,2.0,0.0,0.0,0.0,0.0
291,1417.279903,0.0,0.0,0.0,237.0,175.0,112.0,23.0,3.0,2.0,6.0,9.0,13.0
292,1417.404858,4.0,8.0,13.0,237.0,175.0,145.0,52.0,27.0,23.0,23.0,22.0,21.0
293,1417.529048,31.0,23.0,26.0,237.0,175.0,141.0,46.0,24.0,20.0,19.0,17.0,4.0
294,1417.655231,18.0,10.0,8.0,237.0,175.0,117.0,23.0,3.0,0.0,0.0,0.0,0.0
295,1420.462161,2.0,13.0,18.0,237.0,175.0,149.0,51.0,24.0,14.0,10.0,7.0,0.0
296,1420.530004,28.0,20.0,22.0,237.0,175.0,133.0,34.0,7.0,0.0,0.0,0.0,0.0
297,1420.654944,2.0,2.0,0.0,237.0,175.0,111.0,23.0,3.0,0.0,0.0,0.0,0.0
298,1420.779899,0.0,0.0,0.0,237.0,175.0,127.0,41.0,22.0,20.0,23.0,25.0,27.0
299,1420.904944,28.0,21.0,25.0,237.0,175.0,146.0,48.0,23.0,18.0,14.0,9.0,0.0
300,1421.029004,30.0,21.0,24.0,237.0,175.0,139.0,41.0,16.0,8.0,4.0,0.0,0.0
301,1421.15495,0.0,1.0,0.0,237.0,175.0,111.0,23.0,2.0,0.0,0.0,0.0,0.0
302,1421.279925,0.0,0.0,0.0,237.0,175.0,130.0,43.0,24.0,22.0,23.0,25.0,27.0
303,1421.404938,29.0,22.0,25.0,237.0,175.0,143.0,48.0,24.0,20.0,19.0,17.0,6.0
304,1421.529949,28.0,20.0,21.0,237.0,175.0,129.0,28.0,4.0,0.0,0.0,0.0,0.0
305,1421.654919,0.0,0.0,0.0,237.0,175.0,110.0,22.0,3.0,0.0,0.0,0.0,0.0
306,1421.779867,0.0,0.0,2.0,237.0,175.0,133.0,46.0,25.0,23.0,24.0,24.0,27.0
307,1421.904986,31.0,22.0,25.0,237.0,175.0,141.0,47.0,24.0,20.0,18.0,16.0,5.0
308,1422.02988,27.0,19.0,19.0,237.0,175.0,127.0,27.0,4.0,0.0,0.0,0.0,0.0
309,1422.154888,0.0,0.0,0.0,237.0,176.0,109.0,22.0,2.0,0.0,0.0,0.0,3.0
310,1422.279882,0.0,1.0,6.0,237.0,175.0,137.0,48.0,26.0,24.0,23.0,24.0,26.0
311,1422.404875,31.0,22.0,25.0,237.0,175.0,141.0,46.0,24.0,19.0,18.0,16.0,2.0
312,1422.529826,27.0,18.0,17.0,237.0,175.0,124.0,25.0,3.0,0.0,0.0,0.0,0.0
313,1422.654943,0.0,0.0,0.0,237.0,175.0,109.0,22.0,2.0,0.0,0.0,4.0,7.0
314,1422.779854,0.0,3.0,8.0,237.0,175.0,140.0,50.0,27.0,23.0,23.0,23.0,25.0
315,1422.90496,32.0,22.0,25.0,237.0,175.0,141.0,46.0,23.0,19.0,17.0,13.0,0.0
316,1423.032039,8.0,5.0,3.0,237.0,175.0,113.0,23.0,3.0,0.0,0.0,0.0,0.0
317,1423.155007,0.0,0.0,0.0,237.0,175.0,117.0,25.0,4.0,2.0,6.0,9.0,11.0
318,1423.279788,1.0,5.0,10.0,237.0,175.0,146.0,52.0,28.0,23.0,23.0,23.0,23.0
319,1423.404921,32.0,22.0,25.0,237.0,175.0,141.0,45.0,23.0,18.0,15.0,10.0,0.0
320,1423.529839,22.0,14.0,12.0,237.0,175.0,120.0,23.0,3.0,0.0,0.0,0.0,0.0
321,1423.654891,0.0,0.0,0.0,237.0,175.0,111.0,23.0,4.0,4.0,7.0,11.0,14.0
322,1423.780271,9.0,11.0,17.0,237.0,175.0,148.0,53.0,27.0,23.0,22.0,22.0,18.0
323,1423.905065,32.0,22.0,25.0,237.0,175.0,140.0,44.0,22.0,15.0,11.0,5.0,0.0
324,1424.029958,15.0,9.0,7.0,237.0,175.0,116.0,23.0,3.0,0.0,0.0,0.0,0.0
325,1424.154867,0.0,0.0,0.0,237.0,175.0,114.0,24.0,6.0,6.0,9.0,12.0,16.0
326,1424.279908,9.0,11.0,18.0,237.0,175.0,149.0,53.0,27.0,23.0,22.0,21.0,18.0
327,1424.404118,32.0,22.0,25.0,237.0,175.0,141.0,46.0,24.0,19.0,18.0,15.0,0.0
328,1424.529892,16.0,9.0,7.0,237.0,175.0,116.0,23.0,3.0,0.0,0.0,0.0,0.0
329,1424.660835,22.0,18.0,23.0,237.0,175.0,147.0,51.0,27.0,23.0,22.0,21.0,12.0
330,1424.779874,12.0,13.0,18.0,237.0,175.0,136.0,47.0,26.0,22.0,22.0,21.0,16.0
331,1424.904859,31.0,22.0,24.0,237.0,175.0,139.0,44.0,18.0,11.0,6.0,0.0,0.0
332,1425.02987,12.0,7.0,5.0,237.0,175.0,115.0,23.0,3.0,0.0,0.0,0.0,0.0
333,1425.154932,0.0,0.0,0.0,237.0,175.0,116.0,31.0,12.0,11.0,15.0,19.0,22.0
334,1425.280075,19.0,17.0,22.0,237.0,175.0,150.0,51.0,26.0,22.0,21.0,20.0,13.0
335,1425.405539,30.0,21.0,23.0,237.0,175.0,136.0,37.0,12.0,3.0,0.0,0.0,0.0
336,1425.529891,8.0,5.0,3.0,237.0,175.0,114.0,23.0,3.0,0.0,0.0,0.0,0.0
337,1425.654857,0.0,0.0,3.0,237.0,175.0,132.0,46.0,25.0,23.0,23.0,25.0,27.0
338,1425.779981,21.0,17.0,22.0,237.0,175.0,139.0,48.0,25.0,22.0,21.0,20.0,12.0
339,1425.904848,30.0,21.0,23.0,237.0,175.0,136.0,37.0,11.0,4.0,0.0,0.0,0.0
340,1426.029852,6.0,4.0,2.0,237.0,175.0,113.0,23.0,3.0,0.0,0.0,0.0,0.0
341,1426.155099,0.0,0.0,0.0,237.0,175.0,121.0,36.0,17.0,16.0,29.0,27.0,27.0
342,1426.279981,23.0,18.0,23.0,237.0,175.0,147.0,50.0,26.0,21.0,20.0,19.0,11.0
343,1426.405001,30.0,21.0,23.0,237.0,175.0,136.0,37.0,11.0,3.0,0.0,0.0,0.0
344,1426.529934,4.0,3.0,1.0,237.0,175.0,112.0,23.0,2.0,0.0,0.0,0.0,0.0
345,1426.654858,0.0,0.0,0.0,237.0,175.0,122.0,37.0,17.0,17.0,20.0,22.0,25.0
346,1426.783397,32.0,23.0,26.0,237.0,175.0,148.0,46.0,20.0,11.0,7.0,1.0,0.0
347,1426.904885,29.0,21.0,23.0,237.0,175.0,135.0,37.0,11.0,3.0,0.0,0.0,0.0
348,1427.029886,4.0,2.0,1.0,237.0,175.0,112.0,22.0,3.0,0.0,0.0,0.0,0.0
349,1427.155001,0.0,0.0,0.0,237.0,175.0,127.0,41.0,21.0,21.0,23.0,24.0,26.0
350,1427.279878,24.0,19.0,23.0,237.0,175.0,145.0,49.0,25.0,21.0,21.0,19.0,10.0
351,1427.405054,30.0,21.0,23.0,237.0,175.0,134.0,34.0,8.0,1.0,0.0,0.0,0.0
352,1427.52989,3.0,2.0,1.0,237.0,175.0,112.0,22.0,2.0,0.0,0.0,0.0,0.0
353,1427.654945,0.0,0.0,0.0,237.0,175.0,124.0,39.0,21.0,19.0,22.0,23.0,26.0
354,1427.782186,33.0,22.0,26.0,237.0,175.0,147.0,47.0,23.0,18.0,15.0,10.0,0.0
355,1427.904106,30.0,22.0,24.0,237.0,175.0,139.0,43.0,18.0,11.0,7.0,2.0,0.0
356,1428.029466,6.0,5.0,3.0,237.0,175.0,114.0,23.0,3.0,0.0,0.0,0.0,0.0
357,1428.154942,0.0,0.0,0.0,237.0,175.0,124.0,39.0,20.0,19.0,21.0,24.0,26.0
358,1428.279915,26.0,19.0,27.0,237.0,175.0,114.0,22.0,1.0,0.0,2.0,6.0,9.0
359,1428.404976,30.0,21.0,23.0,237.0,175.0,147.0,40.0,10.0,1.0,0.0,0.0,0.0
360,1428.529962,2.0,1.0,1.0,237.0,175.0,112.0,22.0,2.0,0.0,0.0,0.0,0.0
361,1428.65498,0.0,0.0,0.0,237.0,175.0,126.0,40.0,21.0,20.0,22.0,24.0,26.0
362,1428.779875,26.0,19.0,24.0,237.0,175.0,146.0,49.0,26.0,21.0,20.0,18.0,9.0
363,1428.904965,29.0,21.0,23.0,237.0,175.0,134.0,34.0,8.0,0.0,0.0,0.0,0.0
364,1429.029857,2.0,2.0,1.0,237.0,176.0,112.0,23.0,2.0,0.0,0.0,0.0,0.0
365,1429.155001,0.0,0.0,0.0,237.0,176.0,127.0,40.0,21.0,20.0,22.0,24.0,26.0
366,1429.27999,26.0,20.0,24.0,237.0,175.0,146.0,49.0,25.0,21.0,20.0,18.0,8.0
367,1429.404971,29.0,21.0,23.0,237.0,175.0,133.0,34.0,7.0,1.0,0.0,0.0,0.0
368,1429.529886,2.0,2.0,0.0,237.0,175.0,112.0,23.0,2.0,0.0,0.0,0.0,0.0
369,1429.654877,0.0,0.0,0.0,237.0,176.0,125.0,39.0,20.0,19.0,22.0,23.0,26.0
370,1429.779883,26.0,20.0,24.0,237.0,175.0,147.0,49.0,25.0,21.0,20.0,18.0,9.0
371,1429.904957,29.0,21.0,23.0,237.0,175.0,133.0,34.0,7.0,1.0,0.0,0.0,0.0
372,1430.030031,1.0,1.0,1.0,237.0,176.0,111.0,23.0,2.0,0.0,0.0,0.0,0.0
373,1430.154974,0.0,0.0,0.0,237.0,176.0,127.0,40.0,21.0,20.0,22.0,24.0,26.0
374,1430.280308,28.0,21.0,25.0,237.0,175.0,146.0,49.0,25.0,20.0,19.0,18.0,7.0
375,1430.41711,2.0,6.0,11.0,237.0,175.0,133.0,46.0,26.0,23.0,23.0,22.0,21.0
376,1430.529971,1.0,1.0,0.0,237.0,175.0,111.0,22.0,2.0,0.0,0.0,0.0,0.0
377,1430.655074,0.0,0.0,0.0,237.0,176.0,130.0,43.0,24.0,21.0,23.0,25.0,27.0
378,1430.779921,26.0,20.0,24.0,237.0,175.0,143.0,48.0,25.0,21.0,20.0,18.0,8.0
379,1430.904939,29.0,21.0,23.0,237.0,175.0,133.0,18.0,0.0,0.0,0.0,0.0,0.0
380,1431.030559,0.0,0.0,0.0,237.0,175.0,110.0,22.0,3.0,0.0,0.0,0.0,1.0
381,1431.154885,0.0,0.0,0.0,237.0,175.0,127.0,41.0,21.0,20.0,22.0,23.0,28.0
382,1431.279956,27.0,21.0,25.0,237.0,175.0,146.0,49.0,25.0,21.0,20.0,17.0,8.0
383,1431.404964,29.0,20.0,22.0,237.0,175.0,133.0,33.0,7.0,0.0,0.0,0.0,0.0
384,1431.529081,7.0,5.0,3.0,237.0,175.0,114.0,24.0,3.0,0.0,0.0,0.0,0.0
385,1431.654057,0.0,0.0,0.0,237.0,175.0,118.0,32.0,13.0,12.0,15.0,18.0,22.0
386,1431.77988,27.0,21.0,26.0,237.0,175.0,151.0,50.0,25.0,21.0,20.0,18.0,8.0
387,1431.904984,29.0,20.0,22.0,237.0,175.0,132.0,31.0,6.0,0.0,0.0,0.0,0.0
388,1432.029973,0.0,0.0,0.0,237.0,175.0,110.0,22.0,2.0,0.0,0.0,0.0,0.0
389,1432.154926,0.0,0.0,0.0,237.0,176.0,129.0,42.0,23.0,21.0,23.0,24.0,27.0
390,1432.27995,28.0,21.0,25.0,237.0,176.0,145.0,48.0,25.0,20.0,20.0,17.0,7.0
391,1432.404944,29.0,20.0,22.0,237.0,175.0,131.0,31.0,5.0,0.0,0.0,0.0,0.0
392,1432.529991,0.0,0.0,0.0,237.0,175.0,111.0,22.0,2.0,0.0,0.0,0.0,0.0
393,1432.65485,0.0,0.0,0.0,237.0,176.0,129.0,43.0,23.0,21.0,23.0,24.0,27.0
394,1432.780199,30.0,21.0,25.0,237.0,175.0,144.0,48.0,24.0,20.0,18.0,16.0,6.0
395,1432.904883,28.0,20.0,22.0,237.0,175.0,130.0,30.0,5.0,0.0,0.0,0.0,0.0
396,1433.032097,0.0,0.0,0.0,237.0,175.0,107.0,23.0,7.0,7.0,10.0,13.0,18.0
397,1433.155102,0.0,0.0,2.0,237.0,175.0,134.0,44.0,23.0,21.0,22.0,22.0,27.0
398,1433.279915,29.0,22.0,25.0,237.0,175.0,141.0,47.0,24.0,19.0,18.0,16.0,5.0
399,1433.404835,28.0,19.0,21.0,237.0,175.0,129.0,28.0,4.0,0.0,0.0,0.0,0.0
400,1433.529833,0.0,0.0,0.0,237.0,175.0,110.0,22.0,2.0,0.0,0.0,16.0,17.0
401,1433.654863,0.0,0.0,2.0,237.0,176.0,133.0,46.0,24.0,22.0,22.0,22.0,27.0
402,1433.779924,30.0,22.0,25.0,237.0,175.0,141.0,47.0,24.0,19.0,18.0,16.0,5.0
403,1433.904967,27.0,18.0,17.0,237.0,175.0,124.0,25.0,3.0,0.0,0.0,0.0,0.0
404,1434.029952,0.0,0.0,0.0,237.0,176.0,110.0,22.0,2.0,0.0,0.0,3.0,7.0
405,1434.155001,0.0,1.0,6.0,237.0,176.0,137.0,48.0,26.0,23.0,23.0,23.0,26.0
406,1434.279926,31.0,22.0,25.0,237.0,175.0,141.0,46.0,23.0,19.0,18.0,16.0,2.0
407,1434.404981,27.0,18.0,16.0,237.0,175.0,124.0,25.0,3.0,0.0,0.0,0.0,0.0
408,1434.529972,0.0,0.0,0.0,237.0,176.0,109.0,22.0,2.0,0.0,0.0,3.0,6.0
409,1434.663057,30.0,22.0,24.0,237.0,175.0,143.0,36.0,8.0,0.0,0.0,0.0,0.0
410,1434.779756,31.0,22.0,25.0,237.0,175.0,141.0,47.0,24.0,19.0,18.0,14.0,0.0
411,1434.905239,24.0,15.0,13.0,237.0,175.0,120.0,23.0,3.0,0.0,0.0,0.0,0.0
412,1435.029727,0.0,0.0,0.0,237.0,176.0,112.0,23.0,3.0,0.0,1.0,5.0,8.0
413,1435.161508,33.0,23.0,27.0,237.0,176.0,154.0,51.0,24.0,14.0,9.0,3.0,0.0
414,1435.280013,32.0,22.0,25.0,237.0,175.0,141.0,46.0,22.0,18.0,14.0,8.0,0.0
415,1435.405023,23.0,14.0,12.0,237.0,175.0,119.0,24.0,2.0,0.0,0.0,0.0,0.0
416,1435.529771,0.0,0.0,0.0,237.0,176.0,113.0,24.0,2.0,0.0,3.0,7.0,10.0
417,1435.65485,2.0,6.0,12.0,237.0,176.0,144.0,51.0,28.0,23.0,23.0,22.0,22.0
418,1435.78226,30.0,21.0,23.0,237.0,175.0,135.0,36.0,9.0,1.0,0.0,0.0,0.0
419,1435.904863,21.0,13.0,12.0,237.0,175.0,119.0,24.0,2.0,0.0,0.0,0.0,0.0
420,1436.029771,0.0,0.0,0.0,237.0,176.0,112.0,23.0,4.0,3.0,33.0,24.0,23.0
421,1436.154783,5.0,8.0,13.0,237.0,175.0,146.0,51.0,27.0,23.0,22.0,22.0,20.0
422,1436.279914,32.0,22.0,25.0,237.0,176.0,140.0,45.0,22.0,16.0,11.0,5.0,0.0
423,1436.404778,19.0,11.0,9.0,237.0,176.0,117.0,23.0,2.0,0.0,0.0,0.0,0.0
424,1436.53019,0.0,0.0,0.0,237.0,175.0,113.0,28.0,9.0,9.0,12.0,16.0,20.0
425,1436.655511,15.0,15.0,21.0,237.0,175.0,150.0,51.0,27.0,23.0,22.0,21.0,15.0
426,1436.78161,30.0,21.0,23.0,237.0,175.0,132.0,28.0,2.0,0.0,0.0,0.0,0.0
427,1436.905767,8.0,4.0,2.0,237.0,175.0,113.0,23.0,3.0,0.0,0.0,0.0,0.0
428,1437.030696,0.0,0.0,0.0,237.0,176.0,121.0,36.0,16.0,15.0,19.0,22.0,24.0
429,1437.154886,12.0,13.0,19.0,237.0,176.0,145.0,50.0,26.0,22.0,22.0,21.0,17.0
430,1437.27991,31.0,22.0,24.0,237.0,176.0,125.0,25.0,3.0,0.0,0.0,0.0,0.0
431,1437.405218,10.0,5.0,3.0,237.0,175.0,114.0,23.0,3.0,0.0,0.0,0.0,0.0
432,1437.530124,0.0,0.0,0.0,237.0,175.0,117.0,32.0,13.0,13.0,16.0,26.0,27.0
433,1437.654997,17.0,16.0,21.0,237.0,175.0,149.0,51.0,27.0,22.0,21.0,20.0,14.0
434,1437.779976,31.0,22.0,23.0,237.0,175.0,139.0,41.0,16.0,7.0,3.0,0.0,0.0
435,1437.904975,8.0,5.0,3.0,237.0,175.0,114.0,23.0,3.0,0.0,0.0,0.0,0.0
436,1438.029868,0.0,0.0,0.0,237.0,175.0,118.0,33.0,14.0,13.0,17.0,20.0,23.0
437,1438.155013,21.0,18.0,23.0,237.0,176.0,150.0,50.0,26.0,22.0,21.0,20.0,12.0
438,1438.279937,30.0,21.0,23.0,237.0,176.0,138.0,39.0,14.0,5.0,1.0,0.0,0.0
439,1438.405001,5.0,3.0,2.0,237.0,176.0,113.0,23.0,3.0,0.0,0.0,0.0,0.0
440,1438.529146,0.0,0.0,0.0,237.0,176.0,117.0,28.0,9.0,8.0,11.0,14.0,17.0
441,1438.654965,24.0,19.0,25.0,237.0,176.0,154.0,52.0,26.0,21.0,21.0,19.0,11.0
442,1441.416673,33.0,26.0,29.0,237.0,176.0,146.0,50.0,27.0,17.0,15.0,9.0,0.0
443,1441.529979,0.0,1.0,6.0,237.0,176.0,127.0,44.0,25.0,22.0,23.0,23.0,24.0
444,1441.654885,31.0,23.0,25.0,237.0,176.0,141.0,46.0,23.0,19.0,18.0,15.0,0.0
445,1441.779861,27.0,17.0,16.0,237.0,175.0,123.0,26.0,3.0,0.0,0.0,0.0,0.0
446,1441.905082,0.0,0.0,0.0,237.0,176.0,109.0,22.0,2.0,0.0,2.0,5.0,9.0
447,1442.029171,0.0,0.0,3.0,237.0,176.0,135.0,47.0,26.0,22.0,22.0,23.0,27.0
448,1442.154766,32.0,22.0,25.0,237.0,176.0,141.0,46.0,23.0,19.0,17.0,15.0,1.0
449,1442.279916,25.0,16.0,15.0,237.0,176.0,121.0,24.0,2.0,0.0,0.0,0.0,0.0
450,1442.404756,0.0,0.0,0.0,237.0,176.0,111.0,23.0,3.0,0.0,1.0,4.0,8.0
451,1442.52985,0.0,4.0,8.0,237.0,176.0,141.0,50.0,28.0,23.0,23.0,23.0,24.0
452,1442.655198,32.0,22.0,25.0,237.0,176.0,141.0,45.0,23.0,18.0,16.0,11.0,0.0
453,1442.779786,26.0,16.0,15.0,237.0,176.0,123.0,25.0,2.0,0.0,0.0,0.0,0.0
454,1442.905167,0.0,0.0,0.0,237.0,176.0,109.0,23.0,2.0,1.0,6.0,8.0,11.0
455,1443.029819,0.0,3.0,9.0,237.0,176.0,141.0,50.0,26.0,22.0,22.0,23.0,24.0
456,1443.154847,32.0,22.0,25.0,237.0,176.0,141.0,46.0,23.0,18.0,17.0,14.0,0.0
457,1443.27984,26.0,16.0,15.0,237.0,176.0,122.0,25.0,2.0,0.0,0.0,0.0,0.0
458,1443.404975,0.0,0.0,0.0,237.0,176.0,110.0,23.0,2.0,0.0,2.0,6.0,9.0
459,1443.530171,1.0,6.0,10.0,237.0,176.0,143.0,51.0,28.0,23.0,23.0,22.0,23.0
460,1443.654841,31.0,23.0,25.0,237.0,176.0,141.0,45.0,23.0,18.0,16.0,11.0,0.0
461,1443.779925,24.0,15.0,13.0,237.0,175.0,121.0,24.0,2.0,0.0,0.0,0.0,0.0
462,1443.904901,0.0,0.0,0.0,237.0,176.0,112.0,23.0,2.0,0.0,0.0,4.0,7.0
463,1444.029881,0.0,2.0,7.0,237.0,176.0,140.0,49.0,27.0,23.0,23.0,23.0,25.0
464,1444.154868,31.0,23.0,25.0,237.0,175.0,141.0,46.0,23.0,19.0,17.0,15.0,1.0
465,1444.279853,26.0,17.0,17.0,237.0,175.0,124.0,25.0,2.0,0.0,0.0,0.0,0.0
466,1444.404849,0.0,0.0,0.0,237.0,176.0,110.0,22.0,2.0,0.0,0.0,2.0,6.0
467,1444.529898,0.0,1.0,6.0,237.0,176.0,138.0,49.0,27.0,23.0,23.0,23.0,26.0
468,1444.654853,31.0,22.0,25.0,237.0,176.0,141.0,46.0,23.0,19.0,18.0,16.0,2.0
469,1444.77989,27.0,19.0,18.0,237.0,175.0,125.0,26.0,3.0,0.0,0.0,0.0,0.0
470,1444.904828,0.0,0.0,0.0,237.0,175.0,110.0,22.0,2.0,0.0,0.0,0.0,2.0
471,1445.030273,0.0,3.0,8.0,237.0,176.0,139.0,50.0,27.0,24.0,24.0,24.0,25.0
472,1445.154958,30.0,22.0,25.0,237.0,175.0,141.0,47.0,24.0,19.0,18.0,16.0,5.0
473,1445.279862,28.0,19.0,20.0,237.0,175.0,128.0,27.0,4.0,0.0,0.0,0.0,0.0
474,1445.404027,3.0,2.0,1.0,237.0,175.0,113.0,23.0,3.0,0.0,0.0,0.0,0.0
475,1445.529865,0.0,0.0,0.0,237.0,175.0,130.0,44.0,24.0,22.0,23.0,25.0,27.0
476,1445.654867,29.0,21.0,25.0,237.0,175.0,142.0,47.0,25.0,20.0,18.0,16.0,6.0
477,1445.77984,28.0,20.0,22.0,237.0,175.0,131.0,31.0,5.0,0.0,0.0,0.0,0.0
478,1445.905001,0.0,0.0,0.0,237.0,175.0,110.0,23.0,2.0,0.0,0.0,0.0,0.0
479,1446.029909,0.0,0.0,0.0,237.0,176.0,128.0,42.0,22.0,21.0,23.0,24.0,26.0
480,1446.154893,27.0,20.0,24.0,237.0,175.0,145.0,48.0,25.0,21.0,19.0,18.0,8.0
481,1446.2799,29.0,21.0,22.0,237.0,175.0,133.0,34.0,7.0,0.0,0.0,0.0,0.0
482,1446.404866,2.0,2.0,1.0,237.0,175.0,112.0,22.0,2.0,0.0,0.0,0.0,0.0
483,1446.529827,0.0,0.0,0.0,237.0,176.0,124.0,38.0,19.0,18.0,21.0,23.0,26.0
484,1446.654811,23.0,19.0,23.0,237.0,175.0,147.0,49.0,26.0,21.0,21.0,19.0,11.0
485,1446.779925,30.0,21.0,23.0,237.0,175.0,136.0,37.0,12.0,3.0,0.0,0.0,0.0
486,1446.904832,6.0,4.0,2.0,237.0,175.0,113.0,23.0,3.0,0.0,0.0,0.0,0.0
487,1447.029853,0.0,0.0,0.0,237.0,175.0,119.0,34.0,15.0,14.0,18.0,21.0,24.0
488,1447.155358,23.0,19.0,24.0,237.0,175.0,150.0,50.0,25.0,22.0,20.0,19.0,11.0
489,1447.279928,31.0,21.0,24.0,237.0,175.0,139.0,41.0,16.0,7.0,4.0,0.0,0.0
490,1447.404994,7.0,4.0,3.0,237.0,175.0,113.0,23.0,2.0,0.0,0.0,0.0,0.0
491,1447.529966,0.0,0.0,0.0,237.0,175.0,117.0,31.0,12.0,11.0,15.0,18.0,22.0
492,1447.654866,13.0,13.0,20.0,237.0,175.0,149.0,51.0,27.0,23.0,22.0,21.0,16.0
493,1447.779901,31.0,22.0,24.0,237.0,175.0,140.0,44.0,20.0,12.0,8.0,2.0,0.0
494,1447.90498,15.0,9.0,7.0,237.0,175.0,116.0,22.0,2.0,0.0,0.0,0.0,0.0
495,1448.029981,0.0,0.0,0.0,237.0,176.0,114.0,25.0,8.0,7.0,10.0,13.0,18.0
496,1448.155112,9.0,11.0,18.0,237.0,176.0,149.0,52.0,27.0,23.0,22.0,21.0,18.0
497,1448.279909,32.0,22.0,25.0,237.0,175.0,140.0,45.0,22.0,17.0,13.0,7.0,0.0
498,1448.404944,21.0,13.0,11.0,237.0,175.0,119.0,24.0,3.0,0.0,0.0,0.0,0.0
499,1448.529971,0.0,0.0,0.0,237.0,176.0,112.0,23.0,3.0,1.0,6.0,8.0,11.0
500,1448.654921,1.0,6.0,10.0,237.0,175.0,143.0,51.0,27.0,23.0,23.0,23.0,23.0
501,1448.779943,32.0,22.0,25.0,237.0,175.0,141.0,46.0,23.0,18.0,17.0,13.0,0.0
502,1448.904939,27.0,17.0,16.0,237.0,175.0,123.0,25.0,3.0,0.0,0.0,0.0,0.0
503,1449.02984,0.0,0.0,0.0,237.0,175.0,111.0,23.0,2.0,0.0,0.0,1.0,5.0
504,1449.155001,0.0,1.0,6.0,237.0,176.0,138.0,49.0,27.0,24.0,23.0,23.0,26.0
505,1449.280316,32.0,22.0,25.0,237.0,176.0,141.0,47.0,24.0,19.0,18.0,14.0,0.0
506,1449.404984,28.0,19.0,19.0,237.0,175.0,127.0,28.0,4.0,0.0,0.0,0.0,0.0
507,1449.529987,0.0,0.0,0.0,237.0,175.0,110.0,23.0,2.0,0.0,0.0,0.0,0.0
508,1449.654946,0.0,0.0,0.0,237.0,176.0,132.0,45.0,25.0,23.0,24.0,24.0,27.0
509,1449.780182,30.0,22.0,26.0,237.0,175.0,143.0,48.0,24.0,20.0,19.0,17.0,7.0
510,1449.905026,29.0,20.0,22.0,237.0,175.0,131.0,30.0,5.0,0.0,0.0,0.0,0.0
511,1450.029679,3.0,2.0,1.0,237.0,176.0,112.0,23.0,3.0,0.0,0.0,0.0,0.0
512,1450.154877,0.0,0.0,0.0,237.0,176.0,127.0,42.0,23.0,21.0,23.0,25.0,27.0
513,1450.279912,26.0,20.0,24.0,237.0,176.0,145.0,49.0,26.0,21.0,20.0,18.0,10.0
514,1450.404801,30.0,21.0,23.0,237.0,175.0,136.0,37.0,11.0,3.0,0.0,0.0,0.0
515,1450.529772,6.0,3.0,2.0,237.0,176.0,113.0,23.0,3.0,0.0,0.0,0.0,0.0
516,1450.654803,0.0,0.0,0.0,237.0,176.0,121.0,35.0,16.0,15.0,19.0,22.0,25.0
517,1450.780127,22.0,18.0,24.0,237.0,175.0,149.0,50.0,26.0,21.0,21.0,19.0,11.0
518,1450.904813,31.0,21.0,24.0,237.0,175.0,139.0,40.0,15.0,7.0,3.0,0.0,0.0
519,1451.030039,5.0,3.0,2.0,237.0,175.0,113.0,23.0,2.0,0.0,0.0,0.0,0.0
520,1451.154973,0.0,0.0,0.0,237.0,176.0,118.0,33.0,14.0,12.0,16.0,19.0,23.0
521,1451.279842,15.0,15.0,21.0,237.0,176.0,149.0,51.0,27.0,22.0,21.0,20.0,15.0
522,1451.405109,31.0,22.0,24.0,237.0,175.0,139.0,41.0,16.0,8.0,3.0,0.0,0.0
523,1451.529934,13.0,7.0,5.0,237.0,176.0,115.0,23.0,2.0,0.0,0.0,0.0,0.0
524,1451.654888,0.0,0.0,0.0,237.0,176.0,114.0,28.0,9.0,9.0,12.0,15.0,19.0
525,1451.77995,12.0,12.0,19.0,237.0,176.0,149.0,51.0,27.0,23.0,22.0,20.0,17.0
526,1451.905148,32.0,22.0,24.0,237.0,176.0,139.0,44.0,19.0,12.0,7.0,1.0,0.0
527,1452.029973,16.0,9.0,7.0,237.0,176.0,117.0,23.0,3.0,0.0,0.0,0.0,0.0
528,1452.154963,0.0,0.0,0.0,237.0,176.0,113.0,25.0,7.0,7.0,10.0,12.0,16.0
529,1452.279174,0.0,5.0,9.0,237.0,176.0,142.0,49.0,25.0,22.0,22.0,22.0,24.0
530,1452.404987,33.0,22.0,25.0,237.0,176.0,140.0,44.0,21.0,16.0,11.0,6.0,0.0
531,1452.529885,20.0,12.0,10.0,237.0,175.0,118.0,23.0,3.0,0.0,0.0,0.0,0.0
532,1452.654878,0.0,0.0,0.0,237.0,176.0,113.0,24.0,3.0,3.0,7.0,10.0,13.0
533,1452.779899,4.0,8.0,13.0,237.0,176.0,145.0,52.0,27.0,23.0,23.0,22.0,21.0
534,1452.904963,32.0,22.0,25.0,237.0,176.0,141.0,45.0,22.0,17.0,14.0,8.0,0.0
535,1453.029927,22.0,13.0,12.0,237.0,176.0,119.0,24.0,2.0,0.0,0.0,0.0,0.0
536,1453.155006,0.0,0.0,0.0,237.0,176.0,112.0,23.0,2.0,2.0,5.0,9.0,12.0
537,1453.279975,2.0,6.0,12.0,237.0,176.0,144.0,51.0,27.0,23.0,23.0,22.0,22.0
538,1453.404845,32.0,22.0,25.0,237.0,176.0,141.0,46.0,22.0,18.0,17.0,12.0,0.0
539,1453.529967,23.0,15.0,13.0,237.0,176.0,121.0,24.0,2.0,0.0,0.0,0.0,0.0
540,1453.65499,0.0,0.0,0.0,237.0,176.0,111.0,23.0,2.0,0.0,3.0,7.0,10.0
541,1453.779831,0.0,3.0,9.0,237.0,176.0,142.0,50.0,27.0,23.0,23.0,23.0,24.0
542,1453.904858,32.0,22.0,25.0,237.0,176.0,141.0,46.0,23.0,18.0,17.0,13.0,0.0
543,1454.029951,25.0,16.0,15.0,237.0,176.0,121.0,24.0,2.0,0.0,0.0,0.0,0.0
544,1454.155072,0.0,0.0,0.0,237.0,176.0,111.0,23.0,2.0,0.0,2.0,6.0,9.0
545,1454.280227,1.0,5.0,11.0,237.0,176.0,143.0,51.0,28.0,23.0,23.0,22.0,23.0
546,1454.405406,32.0,22.0,25.0,237.0,176.0,141.0,45.0,22.0,18.0,15.0,10.0,0.0
547,1454.529923,26.0,16.0,15.0,237.0,176.0,123.0,25.0,2.0,0.0,0.0,0.0,0.0
548,1454.65503,0.0,0.0,0.0,237.0,176.0,110.0,22.0,2.0,0.0,4.0,7.0,10.0
549,1454.780006,0.0,4.0,8.0,237.0,176.0,141.0,50.0,27.0,22.0,23.0,23.0,24.0
550,1454.90494,31.0,23.0,25.0,237.0,176.0,141.0,46.0,23.0,19.0,17.0,14.0,0.0
551,1455.029879,26.0,17.0,16.0,237.0,176.0,123.0,25.0,3.0,0.0,0.0,0.0,0.0
552,1455.154959,0.0,0.0,0.0,237.0,176.0,110.0,22.0,2.0,0.0,1.0,5.0,8.0
553,1455.27985,0.0,5.0,10.0,237.0,176.0,142.0,51.0,28.0,23.0,23.0,23.0,24.0
554,1455.404926,32.0,22.0,25.0,237.0,176.0,141.0,46.0,23.0,19.0,17.0,13.0,0.0
555,1455.529916,26.0,16.0,15.0,237.0,176.0,123.0,25.0,2.0,0.0,0.0,0.0,0.0
556,1455.654183,0.0,0.0,0.0,237.0,176.0,112.0,23.0,3.0,0.0,0.0,0.0,0.0
557,1455.779888,1.0,4.0,8.0,237.0,176.0,139.0,50.0,27.0,24.0,25.0,26.0,26.0
558,1455.904987,32.0,22.0,25.0,237.0,176.0,141.0,46.0,23.0,18.0,17.0,13.0,0.0
559,1456.030077,24.0,15.0,14.0,237.0,176.0,121.0,24.0,2.0,0.0,0.0,0.0,0.0
560,1456.154966,0.0,0.0,0.0,237.0,176.0,111.0,23.0,2.0,0.0,2.0,6.0,9.0
561,1456.279964,0.0,5.0,10.0,237.0,176.0,145.0,52.0,28.0,23.0,23.0,22.0,23.0
562,1456.404953,32.0,22.0,25.0,237.0,176.0,141.0,46.0,23.0,18.0,17.0,12.0,0.0
563,1456.529867,24.0,15.0,14.0,237.0,176.0,121.0,24.0,2.0,0.0,0.0,0.0,0.0
564,1456.654984,0.0,0.0,0.0,237.0,176.0,111.0,23.0,2.0,0.0,4.0,8.0,11.0
565,1456.779884,2.0,6.0,11.0,237.0,176.0,144.0,51.0,27.0,23.0,23.0,22.0,23.0
566,1456.905069,32.0,22.0,25.0,237.0,176.0,141.0,45.0,22.0,17.0,14.0,8.0,0.0
567,1457.029827,22.0,13.0,12.0,237.0,176.0,119.0,24.0,2.0,0.0,0.0,0.0,0.0
568,1457.15494,0.0,0.0,0.0,237.0,176.0,112.0,23.0,4.0,3.0,7.0,10.0,13.0
569,1457.279841,5.0,8.0,14.0,237.0,176.0,146.0,52.0,27.0,23.0,23.0,22.0,21.0
570,1457.404965,32.0,22.0,25.0,237.0,176.0,140.0,44.0,22.0,15.0,12.0,6.0,0.0
571,1457.529861,18.0,11.0,9.0,237.0,176.0,117.0,24.0,2.0,0.0,0.0,0.0,0.0
572,1457.654845,0.0,0.0,0.0,237.0,176.0,113.0,24.0,6.0,6.0,9.0,12.0,16.0
573,1457.780111,12.0,13.0,20.0,237.0,176.0,150.0,53.0,27.0,23.0,22.0,21.0,17.0
574,1457.905012,32.0,22.0,24.0,237.0,176.0,140.0,44.0,20.0,12.0,8.0,2.0,0.0
575,1458.029807,15.0,9.0,7.0,237.0,176.0,117.0,23.0,2.0,0.0,0.0,0.0,0.0
576,1458.154988,0.0,0.0,0.0,237.0,176.0,113.0,28.0,10.0,9.0,13.0,16.0,20.0
577,1458.280272,17.0,16.0,22.0,237.0,176.0,151.0,51.0,27.0,22.0,21.0,20.0,13.0
578,1458.404982,31.0,22.0,24.0,237.0,176.0,139.0,43.0,17.0,10.0,5.0,0.0,0.0
579,1458.530071,7.0,4.0,2.0,237.0,176.0,113.0,23.0,2.0,0.0,0.0,0.0,0.0
580,1458.654859,0.0,0.0,0.0,237.0,175.0,117.0,32.0,13.0,12.0,15.0,19.0,22.0
581,1458.779909,18.0,16.0,22.0,237.0,176.0,151.0,51.0,26.0,22.0,21.0,20.0,13.0
582,1458.904995,31.0,21.0,24.0,237.0,175.0,138.0,39.0,14.0,5.0,1.0,0.0,0.0
583,1459.029874,7.0,4.0,2.0,237.0,175.0,113.0,23.0,2.0,0.0,0.0,0.0,0.0
584,1459.154146,0.0,0.0,0.0,237.0,176.0,116.0,28.0,9.0,8.0,11.0,13.0,18.0
585,1459.279964,24.0,19.0,25.0,237.0,176.0,154.0,52.0,26.0,21.0,21.0,19.0,10.0
586,1459.404943,30.0,21.0,23.0,237.0,175.0,135.0,37.0,10.0,2.0,0.0,0.0,0.0
587,1459.529905,3.0,2.0,1.0,237.0,176.0,112.0,23.0,2.0,0.0,0.0,0.0,0.0
588,1459.65485,0.0,0.0,0.0,237.0,176.0,125.0,39.0,20.0,19.0,21.0,23.0,26.0
589,1462.435015,13.0,19.0,24.0,237.0,176.0,147.0,56.0,34.0,27.0,28.0,28.0,15.0
590,1462.529068,0.0,0.0,0.0,237.0,176.0,108.0,21.0,2.0,1.0,4.0,6.0,9.0
591,1462.654916,17.0,16.0,22.0,237.0,176.0,151.0,55.0,29.0,23.0,22.0,21.0,15.0
592,1462.779874,31.0,22.0,24.0,237.0,176.0,139.0,42.0,14.0,5.0,1.0,0.0,0.0
593,1462.908177,0.0,0.0,0.0,237.0,176.0,108.0,21.0,3.0,4.0,7.0,9.0,13.0
594,1463.029892,0.0,0.0,0.0,237.0,176.0,123.0,36.0,14.0,13.0,17.0,19.0,25.0
595,1463.15473,21.0,18.0,23.0,237.0,176.0,150.0,51.0,26.0,22.0,21.0,19.0,12.0
596,1463.27979,30.0,21.0,23.0,237.0,176.0,137.0,38.0,12.0,3.0,0.0,0.0,0.0
597,1463.404885,3.0,2.0,1.0,237.0,176.0,112.0,23.0,2.0,0.0,0.0,0.0,0.0
598,1463.529927,0.0,0.0,0.0,237.0,176.0,126.0,39.0,21.0,20.0,22.0,24.0,26.0
599,1463.654845,26.0,20.0,24.0,237.0,176.0,146.0,49.0,25.0,21.0,20.0,18.0,8.0
600,1463.779923,29.0,20.0,22.0,237.0,176.0,131.0,31.0,6.0,0.0,0.0,0.0,0.0
601,1463.904873,0.0,1.0,0.0,237.0,176.0,111.0,22.0,2.0,0.0,0.0,0.0,0.0
602,1464.029931,0.0,0.0,1.0,237.0,176.0,132.0,45.0,24.0,22.0,24.0,25.0,27.0
603,1464.15481,30.0,21.0,25.0,237.0,175.0,143.0,47.0,25.0,20.0,18.0,17.0,6.0
604,1464.279914,27.0,19.0,19.0,237.0,176.0,127.0,27.0,4.0,0.0,0.0,0.0,0.0
605,1464.407145,0.0,0.0,0.0,237.0,176.0,107.0,26.0,9.0,9.0,12.0,16.0,20.0
606,1464.529914,0.0,1.0,6.0,237.0,176.0,137.0,46.0,24.0,22.0,22.0,23.0,25.0
607,1464.654947,32.0,23.0,26.0,237.0,176.0,141.0,46.0,23.0,18.0,17.0,12.0,0.0
608,1464.779891,25.0,15.0,14.0,237.0,176.0,121.0,24.0,2.0,0.0,0.0,0.0,0.0
609,1464.905114,0.0,0.0,0.0,237.0,176.0,115.0,34.0,16.0,16.0,19.0,22.0,24.0
610,1465.030058,5.0,7.0,13.0,237.0,176.0,140.0,48.0,26.0,23.0,23.0,22.0,21.0
611,1465.15495,32.0,23.0,25.0,237.0,176.0,140.0,45.0,22.0,17.0,12.0,7.0,0.0
612,1465.280015,18.0,11.0,9.0,237.0,176.0,117.0,23.0,2.0,0.0,0.0,0.0,0.0
613,1465.405799,0.0,0.0,0.0,237.0,176.0,116.0,32.0,14.0,13.0,18.0,21.0,24.0
614,1465.529956,11.0,12.0,19.0,237.0,176.0,147.0,50.0,27.0,23.0,22.0,21.0,17.0
615,1465.65512,31.0,22.0,23.0,237.0,176.0,139.0,38.0,12.0,4.0,0.0,0.0,0.0
616,1465.780047,12.0,7.0,5.0,237.0,176.0,115.0,23.0,3.0,0.0,0.0,0.0,0.0
617,1465.905216,0.0,0.0,0.0,237.0,176.0,121.0,36.0,16.0,16.0,19.0,22.0,25.0
618,1466.029433,12.0,12.0,18.0,237.0,176.0,143.0,49.0,26.0,23.0,23.0,21.0,17.0
619,1466.154422,32.0,22.0,24.0,237.0,175.0,140.0,44.0,20.0,12.0,8.0,3.0,0.0
620,1466.279201,12.0,7.0,6.0,237.0,175.0,116.0,24.0,3.0,0.0,0.0,0.0,0.0
621,1466.404055,0.0,0.0,0.0,237.0,175.0,114.0,27.0,8.0,7.0,10.0,13.0,17.0
622,1466.536191,29.0,21.0,21.0,237.0,175.0,138.0,27.0,3.0,0.0,0.0,0.0,0.0
623,1466.654848,30.0,21.0,23.0,237.0,175.0,137.0,37.0,10.0,0.0,0.0,0.0,0.0
624,1466.780222,0.0,0.0,0.0,237.0,175.0,110.0,22.0,2.0,0.0,0.0,0.0,0.0
625,1466.905899,0.0,1.0,6.0,237.0,176.0,137.0,48.0,27.0,24.0,24.0,25.0,26.0
626,1467.033323,31.0,22.0,24.0,237.0,176.0,139.0,40.0,14.0,6.0,2.0,0.0,0.0
627,1467.155086,27.0,19.0,20.0,237.0,175.0,128.0,28.0,4.0,0.0,0.0,0.0,0.0
628,1467.280228,0.0,0.0,0.0,237.0,175.0,109.0,22.0,2.0,0.0,0.0,3.0,7.0
629,1467.404934,0.0,0.0,4.0,237.0,176.0,135.0,47.0,26.0,22.0,22.0,23.0,27.0
630,1467.529773,30.0,22.0,25.0,237.0,175.0,141.0,47.0,24.0,19.0,7.0,3.0,0.0
631,1467.654881,26.0,17.0,17.0,237.0,175.0,124.0,25.0,3.0,0.0,0.0,0.0,0.0
632,1467.779831,0.0,0.0,0.0,237.0,176.0,109.0,22.0,2.0,0.0,0.0,3.0,7.0
633,1467.905225,3.0,7.0,12.0,237.0,176.0,143.0,51.0,28.0,24.0,23.0,22.0,22.0
634,1468.029938,32.0,22.0,25.0,237.0,176.0,140.0,45.0,23.0,18.0,16.0,10.0,0.0
635,1468.154913,22.0,13.0,12.0,237.0,175.0,119.0,24.0,2.0,0.0,0.0,0.0,0.0
636,1468.280167,0.0,0.0,0.0,237.0,175.0,111.0,23.0,5.0,6.0,9.0,12.0,16.0
637,1468.40489,6.0,9.0,15.0,237.0,176.0,147.0,52.0,26.0,23.0,22.0,22.0,20.0
638,1468.529796,32.0,22.0,25.0,237.0,176.0,140.0,44.0,22.0,16.0,11.0,6.0,0.0
639,1468.662355,0.0,0.0,0.0,237.0,176.0,121.0,39.0,22.0,20.0,22.0,23.0,26.0
640,1468.779811,0.0,0.0,0.0,237.0,176.0,107.0,23.0,7.0,7.0,10.0,12.0,18.0
641,1468.9064,25.0,20.0,25.0,237.0,176.0,152.0,51.0,26.0,21.0,20.0,18.0,8.0
642,1469.029905,30.0,21.0,24.0,237.0,175.0,139.0,41.0,15.0,7.0,3.0,0.0,0.0
643,1469.154959,9.0,5.0,4.0,237.0,176.0,114.0,23.0,2.0,0.0,0.0,0.0,0.0
644,1469.279851,0.0,0.0,0.0,237.0,176.0,117.0,32.0,13.0,13.0,16.0,19.0,23.0
645,1469.404934,20.0,17.0,23.0,237.0,176.0,150.0,50.0,26.0,21.0,20.0,19.0,12.0
646,1469.529899,30.0,21.0,23.0,237.0,175.0,135.0,36.0,9.0,1.0,0.0,0.0,0.0
647,1469.65557,0.0,1.0,0.0,237.0,176.0,111.0,22.0,2.0,0.0,0.0,0.0,0.0
648,1469.779728,0.0,0.0,0.0,237.0,176.0,123.0,37.0,18.0,17.0,20.0,23.0,26.0
649,1469.904675,23.0,19.0,24.0,237.0,175.0,148.0,49.0,25.0,21.0,20.0,18.0,9.0
650,1470.029703,29.0,20.0,23.0,237.0,175.0,134.0,35.0,9.0,1.0,0.0,0.0,0.0
651,1470.154142,5.0,4.0,2.0,237.0,176.0,113.0,23.0,3.0,0.0,0.0,0.0,0.0
652,1470.279043,0.0,0.0,0.0,237.0,176.0,119.0,34.0,15.0,13.0,17.0,20.0,23.0
653,1470.403996,23.0,19.0,24.0,237.0,176.0,149.0,50.0,26.0,22.0,20.0,19.0,11.0
654,1470.529019,30.0,21.0,23.0,237.0,175.0,136.0,38.0,13.0,5.0,1.0,0.0,0.0
655,1470.654012,2.0,2.0,1.0,237.0,176.0,112.0,23.0,2.0,0.0,0.0,0.0,0.0
656,1470.779034,0.0,0.0,0.0,237.0,176.0,125.0,38.0,18.0,18.0,20.0,22.0,25.0
657,1470.904844,31.0,22.0,26.0,237.0,176.0,147.0,47.0,24.0,19.0,18.0,16.0,3.0
658,1471.029872,26.0,17.0,17.0,237.0,175.0,124.0,25.0,3.0,0.0,0.0,0.0,0.0
659,1471.154862,0.0,0.0,0.0,237.0,176.0,109.0,22.0,2.0,0.0,0.0,3.0,7.0
660,1471.279867,0.0,4.0,9.0,237.0,176.0,141.0,50.0,27.0,23.0,23.0,23.0,24.0
661,1471.404497,31.0,22.0,25.0,237.0,176.0,141.0,46.0,23.0,19.0,18.0,15.0,2.0
662,1471.529022,27.0,19.0,19.0,237.0,176.0,127.0,28.0,4.0,0.0,0.0,0.0,0.0
663,1471.653985,0.0,0.0,0.0,237.0,176.0,109.0,22.0,2.0,0.0,0.0,0.0,1.0
664,1471.780399,11.0,11.0,17.0,237.0,176.0,146.0,52.0,29.0,25.0,24.0,23.0,19.0
665,1471.903974,32.0,22.0,25.0,237.0,176.0,141.0,46.0,23.0,19.0,17.0,16.0,2.0
666,1472.028989,23.0,14.0,13.0,237.0,176.0,121.0,24.0,3.0,0.0,0.0,0.0,0.0
667,1472.15507,0.0,0.0,0.0,237.0,176.0,110.0,27.0,10.0,10.0,13.0,16.0,21.0
668,1472.279024,6.0,8.0,13.0,237.0,176.0,149.0,51.0,27.0,23.0,22.0,21.0,19.0
669,1472.403889,32.0,22.0,25.0,237.0,176.0,140.0,45.0,22.0,17.0,15.0,10.0,0.0
670,1472.528882,17.0,11.0,9.0,237.0,176.0,118.0,24.0,2.0,0.0,0.0,0.0,0.0
671,1472.653875,0.0,0.0,0.0,237.0,176.0,112.0,23.0,5.0,5.0,8.0,10.0,13.0
672,1472.778945,14.0,14.0,19.0,237.0,176.0,149.0,53.0,27.0,23.0,22.0,21.0,16.0
673,1472.904019,31.0,22.0,24.0,237.0,176.0,139.0,43.0,18.0,11.0,8.0,2.0,0.0
674,1473.029591,3.0,2.0,1.0,237.0,176.0,112.0,22.0,2.0,0.0,0.0,0.0,0.0
675,1473.154736,0.0,0.0,0.0,237.0,176.0,126.0,40.0,21.0,20.0,22.0,23.0,26.0
676,1473.279704,27.0,20.0,24.0,237.0,176.0,145.0,48.0,24.0,19.0,19.0,17.0,7.0
677,1473.403929,29.0,20.0,23.0,237.0,176.0,137.0,39.0,13.0,5.0,2.0,0.0,0.0
678,1473.528886,2.0,2.0,1.0,237.0,176.0,112.0,23.0,3.0,0.0,0.0,0.0,0.0
679,1473.654656,0.0,0.0,3.0,237.0,176.0,133.0,46.0,25.0,23.0,24.0,25.0,28.0
680,1473.779642,31.0,22.0,25.0,237.0,176.0,141.0,46.0,23.0,19.0,18.0,15.0,2.0
681,1473.904774,26.0,16.0,15.0,237.0,175.0,123.0,25.0,2.0,0.0,0.0,0.0,0.0
682,1474.029608,0.0,0.0,0.0,237.0,176.0,110.0,22.0,2.0,0.0,1.0,6.0,9.0
683,1474.154737,2.0,6.0,11.0,237.0,176.0,143.0,51.0,28.0,23.0,23.0,22.0,22.0
684,1474.27966,32.0,22.0,25.0,237.0,176.0,141.0,45.0,23.0,18.0,11.0,6.0,0.0
685,1474.404984,16.0,10.0,8.0,237.0,176.0,117.0,23.0,3.0,0.0,0.0,0.0,0.0
686,1474.530236,0.0,0.0,0.0,237.0,176.0,113.0,28.0,10.0,10.0,13.0,16.0,20.0
687,1474.655023,14.0,14.0,21.0,237.0,175.0,150.0,51.0,27.0,23.0,22.0,21.0,15.0
688,1474.779815,32.0,21.0,24.0,237.0,176.0,139.0,43.0,17.0,10.0,6.0,0.0,0.0
689,1474.904908,8.0,6.0,4.0,237.0,175.0,114.0,23.0,3.0,0.0,0.0,0.0,0.0
690,1475.031762,0.0,0.0,3.0,237.0,176.0,133.0,46.0,24.0,23.0,24.0,25.0,27.0
691,1475.154854,22.0,17.0,23.0,237.0,175.0,139.0,48.0,25.0,21.0,20.0,19.0,11.0
692,1475.279927,30.0,21.0,22.0,237.0,175.0,133.0,32.0,6.0,0.0,0.0,0.0,0.0
693,1475.405299,0.0,0.0,0.0,237.0,175.0,111.0,22.0,1.0,0.0,0.0,0.0,0.0
694,1475.530003,0.0,0.0,0.0,237.0,176.0,130.0,43.0,24.0,22.0,23.0,24.0,27.0
695,1475.654951,29.0,21.0,26.0,237.0,176.0,143.0,48.0,25.0,20.0,19.0,17.0,7.0
696,1475.779942,28.0,20.0,20.0,237.0,175.0,128.0,27.0,4.0,0.0,0.0,0.0,0.0
697,1475.904888,0.0,0.0,0.0,237.0,176.0,109.0,22.0,2.0,0.0,0.0,0.0,3.0
698,1476.029795,0.0,0.0,5.0,237.0,176.0,136.0,48.0,26.0,23.0,24.0,23.0,27.0
699,1476.154769,31.0,22.0,25.0,237.0,176.0,141.0,46.0,23.0,19.0,17.0,15.0,1.0
700,1476.279685,26.0,16.0,15.0,237.0,176.0,122.0,24.0,2.0,0.0,0.0,0.0,0.0
701,1476.404968,0.0,0.0,0.0,237.0,176.0,109.0,22.0,2.0,1.0,5.0,8.0,11.0
702,1476.530177,8.0,10.0,16.0,237.0,176.0,148.0,53.0,28.0,23.0,23.0,22.0,19.0
703,1476.654869,33.0,22.0,25.0,237.0,176.0,141.0,45.0,22.0,16.0,12.0,6.0,0.0
